L-------------l,F-------------f*A-----------------------a*C------------------c,Ss*ZZZzzPPpp
Smith,Luisa*122 Fitzgerald Ave*Rockport,ID*299886657
Johnson,Jeri*9364 Marshall Rd*Ogden,CO*197387773
Williams,Magdalena*4163 Madison Ave*Havana,UT*876705124
Jones,Ofelia*958 York Rd*Keiser,KS*328847568
Brown,Meagan*541 Greeley Rd*Cash,CT*228791942
Davis,Audra*9561 Taft Dr*Mitchellville,NC*502740252
Miller,Matilda*648 Hancock St*Garner,AR*729222329
Wilson,Leila*9446 Kenwin Rd*Humphrey,NJ*579841629
Moore,Cornelia*353 Glengarry*Oak Grove,MD*397412832
Taylor,Bianca*977 Vinson Circle*Carthage,MD*397926570
Anderson,Simone*75 Oneida Rd*East Camden,OK*741907238
Thomas,Bettye*301 Cox Rd*Greenland,CA*188745866
Jackson,Randi*771 Charles Rd*St. Francis,MT*471490053
White,Virgie*503 Chisholm Rd*Alpena,NV*609403513
Harris,Latisha*305 Swan Rd*Arkansas City,AR*711786143
Martin,Barbra*5607 Everell Rd*Huntington,ND*530656325
Thompson,Georgina*809 Belknap Terrace*Lake View,MA*386809205
Garcia,Eliza*3782 Windsong Land*Ash Flat,NE*553931563
Martinez,Leann*6340 Longfellow Rd*Gilmore,SD*977473689
Robinson,Bridgette*2042 Thompson St*Lexa,UT*881724768
Clark,Rhoda*8715 Harrison St*Rose Bud,FL*256203102
Rodriguez,Haley*57 Salisbury St*Viola,SC*961969278
Lewis,Adela*8980 Dartmouth St*Portland,TN*827535005
Lee,Nola*484 Curtis St*Bigelow,MD*397254360
Walker,Bernadine*474 Herrick St*Grannis,OK*746295639
Hall,Flossie*9678 Rangeley Rd*Bauxite,NE*550752299
Allen,Ila*9985 Mount Vernon St*Lead Hill,MI*413048701
Young,Greta*7110 Goddu Ave*Griffithville,ID*300147749
Hernandez,Ruthie*729 Ayer Rd*Branch,NE*551909263
King,Nelda*5920 Edward Dr*Almyra,MO*442783104
Wright,Minerva*494 Sussex Rd*Blevins,NV*622731492
Lopez,Lilly*5281 Atherton Rd*Dell,ID*286478529
Hill,Terrie*7386 Winford Way*Holly Grove,KY*346851522
Scott,Letha*4209 Dix St*Mountain Pine,NC*504599428
Green,Hilary*5802 Thoreau Circle*Oden,IN*320348335
Adams,Estela*6548 Converse Place*Scranton,AR*701820483
Baker,Valarie*499 Worthern Rd*Pleasant Plains,IN*327832579
Gonzalez,Brianna*230 Nathaniel Rd*Humnoke,OR*698660157
Nelson,Rosalyn*357 Sheffield Rd*Bethel Heights,NH*560579681
Carter,Earline*5500 Skillings Rd*Holland,AL*126884019
Mitchell,Catalina*121 Farrow St*Wabbaseka,NM*590281327
Perez,Ava*7206 Middlesex St*Hackett,MS*464964787
Roberts,Mia*266 Priscilla Lane*Wickes,TN*813975851
Turner,Clarissa*188 Polk Rd*Wilmar,MA*386101822
Phillips,Lidia*3771 Holton St*Black Oak,PA*909450572
Campbell,Corrine*9403 Clark St*Jasper,ME*403722830
Parker,Alexandria*743 Laraway Rd*Lafe,MI*406092928
Evans,Concepcion*847 Harvard St*Oak Grove Heights,OR*699751130
Edwards,Tia*804 Lockeland Rd*Ulm,FL*259382695
Collins,Sharron*448 Harrington Rd*Pollard,OR*699267414
Stewart,Rae*7599 Bell St*Norphlet,NM*607102567
Sanchez,Dona*1191 Squanto Rd*Colt,IN*312765214
Morris,Ericka*4776 Johnson Rd*Norman,LA*353657528
Rogers,Jami*4653 Sachem Rd*Cammack Village,AL*120079017
Reed,Elnora*632 Stone Ave*Leola,AK*106814374
Cook,Chandra*587 Stratford Rd*Hermitage,AK*115597892
Morgan,Lenore*6095 Eaton St*Grady,KS*330655576
Bell,Neva*7075 Rumford St*Hartford,HI*272435278
Murphy,Marylou*2628 Samoset Rd*Etowah,HI*264325724
Bailey,Melisa*1273 Alben St*Delight,AR*734101738
Rivera,Tabatha*160 Loring Ave*Mount Pleasant,SC*964149171
Cooper,Serena*8553 Adams St*Ravenden,OH*666117963
Richardson,Avis*1886 Henry St*Imboden,LA*353575461
Cox,Allie*2650 Bates Rd*Dyess,ND*532164053
Howard,Sofia*554 Myopia Rd*Sulphur Springs,IA*281966256
Ward,Gregorio*2201 Emerson Court*Bergman,MN*426866703
Torres,Buddy*4605 Fletcher St*Oppelo,PA*928199285
Peterson,Xavier*736 Governor Ave*Taylor,RI*945233115
Gray,Kermit*9171 Pepper Hill Dr*Concord,AZ*176527000
Ramirez,Roscoe*5220 Sylvester Ave*Madison,TN*821740813
James,Esteban*1504 Canterbury Rd*Tontitown,PA*928178822
Watson,Anton*33 Penn Rd*Aubrey,CA*186366911
Brooks,Solomon*120 James St*Plainview,IL*310537901
Kelly,Scotty*54 Dunham St*Garland,MA*374108270
Sanders,Norbert*9976 Cutting St*Jacksonport,OH*667937446
Price,Elvin*777 Grant Rd*Swifton,NH*570901145
Bennett,Williams*3196 Ainsworth Rd*Denning,SD*978679268
Wood,Nolan*295 Mccall Rd*Kibler,UT*878438978
Barnes,Carey*7859 Arthur St*Central City,MN*419178968
Ross,Rod*6764 Manchester Rd*Goshen,CO*205463009
Henderson,Quinton*800 Brooks St*Hardy,ME*400594355
Coleman,Hal*8046 Andrews Rd*Grubbs,CO*207049250
Jenkins,Brain*207 Wilson St*Plumerville,RI*948983492
Perry,Rob*656 Hawthorne Rd*Quitman,VA*895056752
Powell,Elwood*80 Chapin St*Cotter,ND*541449578
Long,Kendrick*332 Cleveland Rd*Lakeview,NV*637239572
Patterson,Darius*112 Robinson Park*Fulton,CA*191240736
Hughes,Moises*9651 Alden Lane*Perrytown,VA*900281357
Flores,Son*781 George Rd*Moro,NC*506703989
Washington,Marlin*821 Quigley Court*Mountainburg,DE*243814297
Butler,Fidel*832 Locke St*Widener,OR*688349080
Simmons,Thaddeus*3136 Palmer St*Subiaco,CO*221830100
Adams,Cliff*3411 Bradford Rd*Hatfield,SD*992922195
Gonzales,Marcel*2037 Winthrop St*Kingsland,CA*187302942
Bryant,Ali*1168 Buckman Dr*Calion,MI*411223025
Alexander,Jackson*716 Tanglewood Lane*Highland,MI*405949663
Russell,Raphael*8515 Wedgemere Ave*McNeil,CA*188720175
Griffin,Bryon*8722 Russell Rd*Wheatley,MS*465194349
Diaz,Armand*3557 Lincoln St*Pangburn,NH*572303303
Hayes,Alvaro*351 Waterfield Rd*O'Kean,ID*294954532
Myers,Jeffry*2434 Hemingway St*Chidester,NE*552949399
Ford,Dane*4525 Ginn Rd*Bellefonte,MN*420653909
Hamilton,Joesph*679 Lloyd St*Perry,OH*667484985
Graham,Thurman*1465 Prince Ave*Friendship,NJ*587976303
Sullivan,Ned*36 Baldwin St*Horseshoe Lake,IA*279189314
Wallace,Sammie*3602 Mason St*Gillett,SD*988124450
Woods,Rusty*9242 Washington St*Strong,DE*240893159
Cole,Michel*459 St. Augustine Court*Strawberry,AZ*177923143
West,Monty*2838 Dennett Rd*Magazine,TX*835431635
Jordan,Rory*7394 Simonds Rd*Watson,IL*312452499
Owens,Fabian*180 Everett Ave*Tyronza,MN*425032639
Reynolds,Reggie*596 Viking Rd*Rosston,AR*702314400
Fisher,Mason*807 Bacon St*Lockesburg,HI*271372167
Ellis,Graham*5016 Standish Land*Montrose,RI*940630199
Harrison,Kris*4007 Verplast Ave*Wilson,DE*248002844
Gibson,Isaiah*2832 Wellington Rd*Hickory Ridge,MS*453815136
McDonald,Vaughn*9746 Lawson Rd*Twin Groves,PA*905295189
Cruz,Gus*534 Symmes Rd*Thornton,NY*642980847
Marshall,Avery*703 Parker Rd*Menifee,TN*814097896
Ortiz,Loyd*116 Stowell Rd*Huttig,OH*671754387
Gomez,Diego*6539 Webster St*Emerson,NM*602583644
Murray,Alexis*9356 Gardner Place*Haynes,ME*404324666
Freeman,Adolph*976 Stevens St*Amity,KS*330169022
Wells,Norris*5241 Coolidge Rd*Altus,MT*468943133
Webb,Millard*9644 Chardin Rd*Briarcliff,IL*301387615
Simpson,Rocco*240 Sagamore Circle*Knobel,SC*955689443
Stevens,Gonzalo*9 Hinds Rd*Tillar,TX*853876943
Tucker,Derick*7587 Hutchinson Rd*Shirley,SD*982262800
Porter,Rodrigo*2450 Garfield Ave*Junction City,AK*103169204
Hunter,Gerry*7765 Pickering St*Cove,MA*371545446
L-------------l,F-------------f*A-----------------------a*C------------------c,Ss*ZZZzzPPpp
